INSERT INTO USERS (ID, EMAIL, NAME , PASSWORD)
VALUES (100000, 'user@gmail.com', 'User_First', '{noop}password'),
       (100001, 'admin@javaops.ru', 'Admin_First', '{noop}admin');

INSERT INTO USER_ROLE (ROLE, USER_ID)
VALUES ('USER', 100000),
       ('ADMIN', 100001),
       ('USER', 100001);

INSERT INTO RESTAURANTS (ID, NAME)
VALUES (100002, 'ASHOT DINNER'),
       (100003, 'IVAN LUNCHES'),
       (100004, 'USER DISHES');

INSERT INTO MENUS (ID, NAME, MENU_DATE, RESTAURANT_ID)
VALUES  (100002, 'BAR MENU' ,       '2021-11-15', 100002),
        (100003, 'MAIN MENU',       '2021-11-15', 100002),
        (100004, 'SNACK MENU',      '2021-11-15', 100002),
        (100005, 'DESSERTS MENU',   '2021-11-15', 100002),
        (100006, 'BAR MENU' ,       '2021-11-15', 100003),
        (100007, 'MAIN MENU',       '2021-11-15', 100003),
        (100008, 'SNACK MENU',      '2021-11-15', 100003),
        (100009, 'DESSERTS MENU',   '2021-11-15', 100003),
        (100010, 'BAR MENU' ,       '2021-11-15', 100004),
        (100011, 'MAIN MENU',       '2021-11-15', 100004),
        (100012, 'SNACK MENU',      '2021-11-15', 100004),
        (100013, 'DESSERTS MENU',   '2021-11-15', 100004);


INSERT INTO DISHES (ID, NAME, PRICE, MENU_ID)
VALUES  (100014, 'COBBER',                  1000.50,  100005),
        (100015, 'COBBER',                  900.51,   100009),
        (100016, 'COBBER',                  800.52,   100013),
        (100016, 'Pork pie',                321.52,   100005),
        (100016, 'Pork pie',                313.53,   100009),
        (100016, 'Pork pie',                322.55,   100013),
        (100016, 'Stargazy pie',            313.54,   100005),
        (100016, 'Stargazy pie',            111.56,   100009),
        (100016, 'Stargazy pie',            443.57,   100013),
        (100016, 'Sunday roast',            554.58,   100005),
        (100016, 'Sunday roast',            657.59,   100009),
        (100016, 'Sunday roast',            132.51,   100013),
        (100016, 'Summer pudding',          111.52,   100005),
        (100016, 'Summer pudding',          222.52,   100009),
        (100016, 'Summer pudding',          333.52,   100013),
        (100016, 'Bangers and mash',        444.53,   100005),
        (100016, 'Bangers and mash',        555.54,   100009),
        (100016, 'Bangers and mash',        666.55,   100013),
        (100016, 'Toad in the Hole',        888.56,   100005),
        (100016, 'Toad in the Hole',        999.57,   100009),
        (100016, 'Toad in the Hole',        532.5,    100013),
        (100016, 'Steak and Kidney Pie',    232.58,   100005),
        (100016, 'Steak and Kidney Pie',    132.52,   100009),
        (100016, 'Steak and Kidney Pie',    787.51,   100013),
        (100016, 'Scotch Egg',              314.52,   100005),
        (100016, 'Scotch Egg',              533.51,   100009),
        (100016, 'Scotch Egg',              536.53,   100013),
        (100016, 'Lancashire Hot Pot',      467.55,   100005),
        (100016, 'Lancashire Hot Pot',      469.57,   100009),
        (100016, 'Lancashire Hot Pot',      776.5,    100013),
        (100016, 'wine',                    657.51,   100005),
        (100016, 'wine',                    556.52,   100009),
        (100016, 'wine',                    554.53,   100013),
        (100016, 'lemonade',                334.52,   100005),
        (100016, 'lemonade',                332.5,    100009),
        (100016, 'lemonade',                223.52,   100013),
        (100016, 'tomato juice',            225.52,   100005),
        (100016, 'tomato juice',            788.5,    100009),
        (100016, 'tomato juice',            967.53,   100013),
        (100016, 'coffee',                  564.53,   100005),
        (100016, 'coffee',                  869.54,   100009),
        (100016, 'coffee',                  647.56,   100013),
        (100016, 'cocoa',                   223.57,   100005),
        (100016, 'cocoa',                   111.5,    100009),
        (100016, 'cocoa',                   233.54,   100013),
        (100016, 'beer',                    246.51,   100005),
        (100016, 'beer',                    564.51,   100009),
        (100016, 'beer',                    876.52,   100013),
        (100016, 'Onion soup',              087.53,   100005),
        (100016, 'Onion soup',              344.54,   100009),
        (100016, 'Onion soup',              422.5,    100013),
        (100016, 'Tomato soup',             255.5,    100005),
        (100016, 'Tomato soup',             664.5,    100009),
        (100016, 'Tomato soup',             443.5,    100013),
        (100016, 'Chicken broth',           331.52,   100005),
        (100016, 'Chicken broth',           334.52,   100009),
        (100016, 'Chicken broth',           335.54,   100013),
        (100016, 'Fish soup',               336.57,   100005),
        (100016, 'Fish soup',               377.55,   100009),
        (100016, 'Fish soup',               337.52,   100013),
        (100016, 'Miso soup',               955.52,   100005),
        (100016, 'Miso soup',               554.56,   100009),
        (100016, 'Miso soup',               800.52,   100013),
        (100016, 'Vegetable soup',          804.5,    100005),
        (100016, 'Vegetable soup',          422.5,    100009),
        (100016, 'Vegetable soup',          369.5,    100013),
        (100016, 'eclair',                  245.52,   100005),
        (100016, 'eclair',                  342.54,   100009),
        (100016, 'eclair',                  246.56,   100013),
        (100016, 'gingerbread',             422.57,   100005),
        (100016, 'gingerbread',             432.57,   100009),
        (100016, 'gingerbread',             325.52,   100013),
        (100016, 'filling',                 321.51,   100005),
        (100016, 'filling',                 311.5,    100009),
        (100016, 'filling',                 315.5,    100013),
        (100016, 'flan',                    144.8,    100005),
        (100016, 'flan',                    422.5,    100009),
        (100016, 'flan',                    155.52,   100013);